user_id,name,email,phone_number,city_id,date_created
1,"Tgk. Putri Laksmiwati, M.M.",edward99@example.com,621789952994,5171,2022-06-15 00:00:17
2,Ir. Karsa Wijayanti,yuniargaman@example.com,05212574415,3273,2022-03-22 02:40:01
3,Darijan Kuswoyo,arsipatramaulana@example.org,0878309954,1375,2022-09-14 15:10:53
4,Arsipatra Ardianto,siregarmila@example.org,620702358167,1375,2021-02-07 23:14:50
5,Anastasia Puspita,adriansyahpranata@example.com,04580217463,3573,2022-11-28 17:42:43
6,"dr. Titin Natsir, M.Kom.",eman64@example.net,628378048350,1371,2021-01-20 20:55:53
7,"Banawa Prabowo, M.TI.",yhasanah@example.com,06945793413,6472,2022-03-13 09:09:49
8,Salsabila Najmudin,purnawatimaman@example.net,62733490541,1375,2022-09-15 11:34:04
9,Abyasa Irawan,anggriawanmahesa@example.com,620141411896,7371,2021-09-02 14:03:16
10,Puji Hidayanto,vlaksita@example.net,620612631305,3273,2023-02-26 05:34:28
11,R. Laksana Narpati,nova16@example.com,0916390096,3573,2022-09-14 17:02:50
12,"drg. Malika Wijaya, S.I.Kom",betania17@example.org,6202228982899,3578,2023-10-24 12:59:13
13,Karja Padmasari,lutfanadriansyah@example.net,0046552630,3578,2022-01-28 11:55:55
14,Iriana Kusumo,sitompulupik@example.com,6207529417385,7371,2021-04-20 17:47:36
15,"Cici Prasasta, S.Sos",crajasa@example.net,623477144225,6471,2021-11-04 00:27:09
16,Bakiadi Wahyuni,palastriyusuf@example.net,0782042644,3273,2021-07-07 21:07:07
17,"Dt. Kenari Siregar, S.E.",osaputra@example.net,0842958892,3174,2021-03-07 21:55:59
18,Irfan Hidayanto,kadirwasita@example.org,6203330687027,3573,2021-03-26 10:32:23
19,Wardaya Saputra,chandrasantoso@example.net,6200710060992,1375,2023-03-06 00:19:00
20,Puti Ani Maryadi,winarsihkarja@example.org,628516123442,6471,2021-06-18 05:46:50
21,"Daruna Prayoga, M.Pd",zaenabwijaya@example.org,62023812209,3471,2021-09-05 06:48:40
22,Drs. Karimah Nurdiyanti,tampubolonsabri@example.com,627183045730,3171,2023-07-12 07:25:16
23,Tania Maryadi,griyanti@example.com,620164198638,3172,2022-10-15 20:17:29
24,Gatra Handayani,nrima67@example.org,0055017701,3172,2022-04-27 15:55:56
25,"Prabawa Mandasari, S.I.Kom",gabriella62@example.net,621789612209,7371,2022-11-15 09:49:09
26,Titin Hasanah,ardiantoika@example.com,62373096069,6472,2022-12-28 21:55:51
27,"drg. Anita Purwanti, S.Farm",hafshah22@example.com,624437515925,7371,2023-04-02 14:53:53
28,Nyoman Utama,maryadiomar@example.com,620724293420,3471,2022-09-02 04:40:16
29,Galih Handayani,wahyunigaran@example.org,62806735156,3173,2023-10-01 04:56:01
30,"Jarwa Suryono, S.Ked",ithamrin@example.net,6204410868905,3175,2022-03-19 03:42:38
31,Tasdik Suartini,margananasyidah@example.com,620580536608,3578,2022-09-22 15:42:07
32,Pranawa Mardhiyah,kacung25@example.com,0851726098,3173,2023-08-11 01:09:23
33,Gilda Andriani,ssamosir@example.net,620707570567,6471,2022-03-23 08:25:56
34,Jumadi Namaga,qfujiati@example.com,62292668439,3578,2021-04-21 00:35:53
35,Julia Simanjuntak,kayla20@example.com,0715904050,6471,2023-09-27 16:43:43
36,"Bajragin Rahayu, S.Kom",umaya46@example.com,6200446513097,1371,2022-04-30 09:25:43
37,Keisha Habibi,shakila34@example.com,6206415107776,5171,2022-03-23 19:59:04
38,R.M. Eja Kurniawan,lutfanhutasoit@example.net,0837266517,6471,2021-11-12 05:28:32
39,Niyaga Nashiruddin,lantar95@example.com,04949124811,6472,2021-02-05 00:25:48
40,Wulan Saputra,yuliartigangsa@example.net,0031595810,3171,2022-09-30 01:26:21
41,"Kartika Prabowo, M.Pd",novisinaga@example.net,620773190301,3175,2021-04-20 03:04:56
42,H. Kamal Suwarno,radika60@example.org,0182895194,6471,2022-11-28 23:04:42
43,Ghaliyati Wibowo,mumpunisetiawan@example.net,62530778065,3573,2022-06-18 17:42:05
44,"Dr. Ika Susanti, S.H.",mangunsongasirwada@example.com,0703247894,6472,2022-08-14 11:48:31
45,Devi Palastri,adinatapuspita@example.net,62991339278,6471,2022-07-24 06:35:24
46,Janet Yuliarti,budimannalar@example.org,0336448516,3172,2023-07-28 19:26:55
47,Gamani Budiyanto,hyulianti@example.net,6207554070845,7371,2023-10-14 03:33:10
48,"Drs. Luhung Yuniar, M.Ak",kusumolega@example.net,62488000513,3273,2022-11-05 14:29:24
49,"Ir. Kartika Tarihoran, S.Sos",kartamustofa@example.net,6208655336511,3578,2021-06-18 19:08:02
50,Lasmanto Aryani,onisirait@example.org,6206579984560,3175,2023-08-27 03:18:03
51,Banawi Nasyidah,bajragin17@example.net,6209400792937,3471,2021-01-20 20:44:45
52,KH. Hartaka Laksmiwati,hutapeajayadi@example.net,6203675230767,3171,2023-01-12 20:37:29
53,Galih Saptono,hassanahpangestu@example.net,620923485040,3172,2023-10-05 01:41:53
54,Nasrullah Saptono,wadi70@example.com,6209600417639,3174,2021-12-10 13:41:19
55,Hilda Hutagalung,wyulianti@example.org,620456173167,3175,2021-06-07 11:22:46
56,Jabal Jailani,winarnoella@example.com,62490466942,3171,2023-03-29 19:58:48
57,Umar Yuliarti,langgeng69@example.net,0423434805,1371,2021-04-18 06:49:24
58,Devi Kuswoyo,usamahputu@example.net,6201470006772,3175,2022-09-25 05:50:05
59,Ir. Marsudi Suryono,xsuryono@example.com,624364276845,7371,2022-02-25 14:52:30
60,Ajimin Laksmiwati,jrahimah@example.net,6202685915677,3174,2022-03-02 17:02:26
61,Jarwadi Setiawan,tsihotang@example.net,620761692285,5171,2023-10-25 10:55:33
62,"Kamal Kurniawan, S.E.",bajragin41@example.org,0617075035,3174,2023-12-11 15:35:00
63,"Laswi Permata, M.Pd",wahyunibella@example.net,62962751013,1375,2022-09-15 09:22:39
64,"Hj. Ika Widiastuti, S.Farm",cahyadihasanah@example.org,62958229102,6472,2021-03-18 23:28:12
65,"H. Abyasa Prastuti, M.Farm",sihotanggamanto@example.org,0861778324,3175,2023-07-05 05:19:10
66,Mulyanto Purnawati,oyolanda@example.com,0053934610,3174,2021-09-21 22:45:58
67,"Hj. Kartika Habibi, S.Pt",jaga90@example.net,08551993936,1375,2021-11-02 21:00:58
68,Lurhur Habibi,yhalim@example.com,00664997381,3273,2021-10-25 06:21:25
69,"Tirta Wastuti, M.Farm",damarmangunsong@example.com,0889095341,3573,2023-06-11 11:47:21
70,Lala Wacana,zizi53@example.net,6205551302821,7371,2022-09-03 01:50:29
71,Shakila Aryani,limargunawan@example.org,620204942176,6472,2021-10-30 17:31:28
72,Mujur Prayoga,tamiyulianti@example.org,6207856363532,3171,2021-09-06 02:47:50
73,Argono Firgantoro,hadi54@example.com,6200808624368,3172,2022-03-13 04:58:13
74,"H. Gandi Prabowo, S.I.Kom",faridakamidin@example.com,6209176074375,3273,2021-02-17 00:36:23
75,"Rini Riyanti, S.Kom",yuliantijagapati@example.net,6209659546984,5171,2022-02-28 20:55:10
76,Nadia Prasetya,aharyanti@example.net,06483229100,3578,2021-07-06 10:59:13
77,"R. Almira Maulana, S.Pt",vivi04@example.org,0803988621,3171,2021-06-17 17:39:02
78,"dr. Kanda Najmudin, S.E.I",mwinarno@example.org,62935953043,7371,2021-05-27 14:36:28
79,"Carub Prabowo, S.Farm",halimfitria@example.org,62404012216,3175,2022-04-25 06:06:46
80,Cahyadi Lestari,wibowonaradi@example.net,0836230051,3175,2021-06-24 01:44:37
81,Bagya Marpaung,putrakarman@example.org,0950655715,3573,2021-05-29 01:57:48
82,"Puti Agnes Pudjiastuti, S.Ked",hartatipraba@example.net,6209707460899,3171,2023-10-16 14:18:38
83,"Umaya Purwanti, S.Pd",jumarihakim@example.net,0707685849,7371,2023-07-05 17:53:18
84,Indah Nasyiah,aurorasiregar@example.org,622326218300,7371,2023-11-09 19:37:36
85,Rahmi Nurdiyanti,suwarnocahyadi@example.net,03139308684,3172,2021-09-25 17:17:28
86,Genta Yulianti,asantoso@example.org,6204755656152,3471,2023-10-14 18:28:48
87,Bagiya Waluyo,lwacana@example.org,62439200897,1375,2021-03-27 07:52:54
88,Bakda Mayasari,danang95@example.net,05771716858,3171,2023-07-19 13:40:17
89,"Salwa Prasasta, S.H.",cawisadisantoso@example.org,625649960844,3573,2023-10-31 21:59:15
90,Yulia Maryadi,asmiantolatupono@example.net,0028660384,1375,2022-05-10 12:56:44
91,Samsul Saragih,gambira31@example.net,624821318827,3174,2023-09-08 03:37:19
92,Bagus Oktaviani,prayogo31@example.net,6207779423105,3173,2021-10-13 18:34:43
93,Fitria Utami,waninurdiyanti@example.net,6207957074206,3471,2023-03-01 19:18:55
94,"T. Oskar Kusmawati, M.TI.",ikuswoyo@example.net,6200501728716,7371,2023-08-14 23:11:50
95,Umay Siregar,aisyahputra@example.net,01878462270,1371,2023-02-22 01:11:57
96,"Tgk. Salsabila Siregar, M.TI.",nzulaika@example.org,0925642789,3573,2021-03-10 04:43:10
97,Rini Fujiati,prasetyokusumo@example.org,620460334105,3471,2023-02-06 10:15:02
98,"Estiono Gunawan, S.Pd",mulyantositumorang@example.com,0827431434,3173,2021-06-02 11:01:58
99,Putri Wasita,lmansur@example.com,621888176968,7371,2023-01-07 22:57:46
100,Suci Rahayu,sihotangsamiah@example.org,620867450283,1375,2022-07-22 10:31:28
